<?xml version="1.0" encoding="utf-8" ?>
<component name="UiButton" extends="Group">
  <interface>
    <field id="itemContent" type="node" />
    <field id="itemFocused" type="boolean" />
  </interface>

  <children>

    <!-- Soft shadow (fake glow) -->
    <Rectangle
      id="shadow"
      width="244"
      height="60"
      translation="[-2,-2]"
      color="0x000000FF"
      opacity="0.35" />

    <!-- Base background -->
    <Rectangle
      id="bg"
      width="240"
      height="56"
      color="0x202020FF" />

    <!-- Left active bar -->
    <Rectangle
      id="bar"
      width="6"
      height="56"
      color="0xD4AF37FF"
      opacity="0" />

    <!-- Focus border overlay -->
    <Rectangle
      id="border"
      width="240"
      height="56"
      color="0xFFFFFFFF"
      opacity="0" />

    <Label
      id="t"
      translation="[18,12]"
      width="210"
      height="32"
      color="0xFFFFFFFF"
      font="font:MediumSystemFont" />

  </children>

  <script type="text/brightscript"><![CDATA[
    sub init()
      m.bg     = m.top.findNode("bg")
      m.bar    = m.top.findNode("bar")
      m.border = m.top.findNode("border")
      m.shadow = m.top.findNode("shadow")
      m.t      = m.top.findNode("t")

      m.top.observeField("itemContent", "onItem")
      m.top.observeField("itemFocused", "onFocus")

      applyFocus(false)
    end sub

    sub onItem()
      if m.top.itemContent <> invalid then
        m.t.text = m.top.itemContent.title
      end if
    end sub

    sub onFocus()
      applyFocus(m.top.itemFocused)
    end sub

    sub applyFocus(focused as Boolean)
      if focused then
        ' MAIN highlight
        m.bg.color = "0xD4AF37FF"     ' gold
        m.t.color  = "0x000000FF"     ' black text

        ' Left bar + border + glow
        m.bar.opacity    = 1
        m.border.opacity = 0.18
        m.shadow.opacity = 0.55

        ' Slight zoom (Roku-safe)
        m.top.scale = [1.06, 1.06]
      else
        m.bg.color = "0x202020FF"
        m.t.color  = "0xFFFFFFFF"

        m.bar.opacity    = 0
        m.border.opacity = 0
        m.shadow.opacity = 0.30

        m.top.scale = [1.0, 1.0]
      end if
    end sub
  ]]></script>
</component>
