<?xml version="1.0" encoding="utf-8" ?>
<component name="UiButton" extends="Group">

  <interface>
    <field id="itemContent" type="node" />
    <field id="itemSize" type="vector2d" />
  </interface>

  <children>
    <!-- outer focus frame -->
    <Rectangle id="frame"
      translation="[0,0]"
      width="220" height="52"
      color="0x00000000" />

    <!-- inner fill -->
    <Rectangle id="fill"
      translation="[2,2]"
      width="216" height="48"
      color="0x101010FF" />

    <!-- subtle glow strip -->
    <Rectangle id="glow"
      translation="[2,2]"
      width="216" height="48"
      color="0xD4AF3700" />

    <Label id="title"
      translation="[14,10]"
      width="200" height="32"
      color="0xEDEDEDFF"
      font="font:MediumSystemFont"
      text="" />
  </children>

  <script type="text/brightscript" uri="pkg:/components/UiButton.brs" />
</component>
