<?xml version="1.0" encoding="utf-8" ?>
<component name="ChannelsView" extends="Group">
  <interface>
    <field id="content" type="node" />
    <field id="mode" type="string" />
  </interface>

  <children>
    <Rectangle width="960" height="620" color="0x101010FF" />

    <Label
      text="Channels"
      translation="[20,10]"
      color="0xD4AF37FF"
      font="font:MediumBoldSystemFont" />

    <MarkupList
      id="list"
      translation="[20,50]"
      itemSize="[320,52]"
      numRows="10"
      itemComponentName="UiButton"
      drawFocusFeedback="false" />

    <Video
      id="video"
      translation="[360,50]"
      width="580"
      height="326"
      enableTrickPlay="false" />

    <Label
      id="status"
      translation="[360,390]"
      width="580"
      height="50"
      color="0xEDEDEDFF"
      font="font:SmallSystemFont"
      text="Select a channel" />
  </children>

  <script type="text/brightscript" uri="pkg:/components/ChannelsView.brs" />
</component>
